"Stewardship_2024","avg_change","median_change","n","avg_score_2022","avg_score_2024"
"No Stewardship",-0.160714285714286,0,56,3.07142857142857,2.91071428571429
"Seeding Stewardship",0.111111111111111,0,9,1.66666666666667,1.77777777777778
"Green Streets",0.0555555555555556,0,18,2.72222222222222,2.77777777777778
